url,file_name,lang,dialect,id,error
https://web.klokah.tw/text/sound//2925/40857.mp3,繪本平台_Coastal_Amis_40857.mp3,Amis,Coastal_Amis,40857,HTTP 404
https://web.klokah.tw/text/sound//6855/81356.mp3,繪本平台_Coastal_Amis_81356.mp3,Amis,Coastal_Amis,81356,HTTP 404
https://web.klokah.tw/text/sound//3228/44640.mp3,繪本平台_Coastal_Amis_44640.mp3,Amis,Coastal_Amis,44640,HTTP 404
https://web.klokah.tw/text/sound//8388/103891.mp3,繪本平台_Coastal_Amis_103891.mp3,Amis,Coastal_Amis,103891,HTTP 404
https://web.klokah.tw/text/sound//3206/44290.mp3,繪本平台_Coastal_Amis_44290.mp3,Amis,Coastal_Amis,44290,HTTP 404
https://web.klokah.tw/text/sound//6855/81360.mp3,繪本平台_Coastal_Amis_81360.mp3,Amis,Coastal_Amis,81360,HTTP 404
https://web.klokah.tw/text/sound//59372/827061.mp3,繪本平台_Coastal_Amis_827061.mp3,Amis,Coastal_Amis,827061,HTTP 404
https://web.klokah.tw/text/sound//8388/103890.mp3,繪本平台_Coastal_Amis_103890.mp3,Amis,Coastal_Amis,103890,HTTP 404
https://web.klokah.tw/text/sound//6849/853023.mp3,繪本平台_Sekolik_Atayal_853023.mp3,Atayal,Sekolik_Atayal,853023,HTTP 404
https://web.klokah.tw/text/sound//3281/853021.mp3,繪本平台_Sekolik_Atayal_853021.mp3,Atayal,Sekolik_Atayal,853021,HTTP 404
https://web.klokah.tw/text/sound//59372/827051.mp3,繪本平台_Coastal_Amis_827051.mp3,Amis,Coastal_Amis,827051,HTTP 404
https://web.klokah.tw/text/sound//11606/145085.mp3,繪本平台_Coastal_Amis_145085.mp3,Amis,Coastal_Amis,145085,HTTP 404
https://web.klokah.tw/text/sound//61832/913528.mp3,繪本平台_Coastal_Amis_913528.mp3,Amis,Coastal_Amis,913528,HTTP 404
https://web.klokah.tw/text/sound//59372/827058.mp3,繪本平台_Coastal_Amis_827058.mp3,Amis,Coastal_Amis,827058,HTTP 404
https://web.klokah.tw/text/sound//33224/520296.mp3,繪本平台_Coastal_Amis_520296.mp3,Amis,Coastal_Amis,520296,HTTP 404
https://web.klokah.tw/text/sound//11619/145227.mp3,繪本平台_Coastal_Amis_145227.mp3,Amis,Coastal_Amis,145227,HTTP 404
https://web.klokah.tw/text/sound//6849/853024.mp3,繪本平台_Sekolik_Atayal_853024.mp3,Atayal,Sekolik_Atayal,853024,HTTP 404
https://web.klokah.tw/text/sound//8416/104205.mp3,繪本平台_Sekolik_Atayal_104205.mp3,Atayal,Sekolik_Atayal,104205,HTTP 404
https://web.klokah.tw/text/sound//38495/605934.mp3,繪本平台_Coastal_Amis_605934.mp3,Amis,Coastal_Amis,605934,HTTP 404
https://web.klokah.tw/text/sound//3262/97547.mp3,繪本平台_Sekolik_Atayal_97547.mp3,Atayal,Sekolik_Atayal,97547,HTTP 404
https://web.klokah.tw/text/sound//61832/913527.mp3,繪本平台_Coastal_Amis_913527.mp3,Amis,Coastal_Amis,913527,HTTP 404
https://web.klokah.tw/text/sound//11630/145345.mp3,繪本平台_Sekolik_Atayal_145345.mp3,Atayal,Sekolik_Atayal,145345,HTTP 404
https://web.klokah.tw/text/sound//11643/145487.mp3,繪本平台_Sekolik_Atayal_145487.mp3,Atayal,Sekolik_Atayal,145487,HTTP 404
https://web.klokah.tw/text/sound//8416/104206.mp3,繪本平台_Sekolik_Atayal_104206.mp3,Atayal,Sekolik_Atayal,104206,HTTP 404
https://web.klokah.tw/text/sound//33236/520438.mp3,繪本平台_Sekolik_Atayal_520438.mp3,Atayal,Sekolik_Atayal,520438,HTTP 404
https://web.klokah.tw/text/sound//3317/853020.mp3,繪本平台_Sekolik_Atayal_853020.mp3,Atayal,Sekolik_Atayal,853020,HTTP 404
https://web.klokah.tw/text/sound//59382/827160.mp3,繪本平台_Sekolik_Atayal_827160.mp3,Atayal,Sekolik_Atayal,827160,HTTP 404
https://web.klokah.tw/text/sound//6832/81110.mp3,繪本平台_Saisiyat_81110.mp3,Saisiyat,Saisiyat,81110,HTTP 404
https://web.klokah.tw/text/sound//61833/852828.mp3,繪本平台_Sekolik_Atayal_852828.mp3,Atayal,Sekolik_Atayal,852828,HTTP 404
https://web.klokah.tw/text/sound//3390/46426.mp3,繪本平台_Saisiyat_46426.mp3,Saisiyat,Saisiyat,46426,HTTP 404
https://web.klokah.tw/text/sound//6832/81114.mp3,繪本平台_Saisiyat_81114.mp3,Saisiyat,Saisiyat,81114,HTTP 404
https://web.klokah.tw/text/sound//61833/852255.mp3,繪本平台_Sekolik_Atayal_852255.mp3,Atayal,Sekolik_Atayal,852255,HTTP 404
https://web.klokah.tw/text/sound//38513/606163.mp3,繪本平台_Sekolik_Atayal_606163.mp3,Atayal,Sekolik_Atayal,606163,HTTP 404
https://web.klokah.tw/text/sound//59382/827163.mp3,繪本平台_Sekolik_Atayal_827163.mp3,Atayal,Sekolik_Atayal,827163,HTTP 404
https://web.klokah.tw/text/sound//59382/827153.mp3,繪本平台_Sekolik_Atayal_827153.mp3,Atayal,Sekolik_Atayal,827153,HTTP 404
https://web.klokah.tw/text/sound//3335/45826.mp3,繪本平台_Saisiyat_45826.mp3,Saisiyat,Saisiyat,45826,HTTP 404
https://web.klokah.tw/text/sound//3354/46062.mp3,繪本平台_Saisiyat_46062.mp3,Saisiyat,Saisiyat,46062,HTTP 404
https://web.klokah.tw/text/sound//8444/104520.mp3,繪本平台_Saisiyat_104520.mp3,Saisiyat,Saisiyat,104520,HTTP 404
https://web.klokah.tw/text/sound//8444/104521.mp3,繪本平台_Saisiyat_104521.mp3,Saisiyat,Saisiyat,104521,HTTP 404
https://web.klokah.tw/text/sound//11654/145605.mp3,繪本平台_Saisiyat_145605.mp3,Saisiyat,Saisiyat,145605,HTTP 404
https://web.klokah.tw/text/sound//11667/145747.mp3,繪本平台_Saisiyat_145747.mp3,Saisiyat,Saisiyat,145747,HTTP 404
https://web.klokah.tw/text/sound//33248/520580.mp3,繪本平台_Saisiyat_520580.mp3,Saisiyat,Saisiyat,520580,HTTP 404
https://web.klokah.tw/text/sound//3463/47239.mp3,繪本平台_Thao_47239.mp3,Thao,Thao,47239,HTTP 404
https://web.klokah.tw/text/sound//59392/827255.mp3,繪本平台_Saisiyat_827255.mp3,Saisiyat,Saisiyat,827255,HTTP 404
https://web.klokah.tw/text/sound//3427/853022.mp3,繪本平台_Thao_853022.mp3,Thao,Thao,853022,HTTP 404
https://web.klokah.tw/text/sound//59392/827265.mp3,繪本平台_Saisiyat_827265.mp3,Saisiyat,Saisiyat,827265,HTTP 404
https://web.klokah.tw/text/sound//8333/103634.mp3,繪本平台_Thao_103634.mp3,Thao,Thao,103634,HTTP 404
https://web.klokah.tw/text/sound//8333/103635.mp3,繪本平台_Thao_103635.mp3,Thao,Thao,103635,HTTP 404
https://web.klokah.tw/text/sound//61834/852276.mp3,繪本平台_Saisiyat_852276.mp3,Saisiyat,Saisiyat,852276,HTTP 404
https://web.klokah.tw/text/sound//6826/81062.mp3,繪本平台_Thao_81062.mp3,Thao,Thao,81062,HTTP 404
https://web.klokah.tw/text/sound//24643/411467.mp3,繪本平台_Thao_411467.mp3,Thao,Thao,411467,HTTP 404
https://web.klokah.tw/text/sound//11678/145865.mp3,繪本平台_Thao_145865.mp3,Thao,Thao,145865,HTTP 404
https://web.klokah.tw/text/sound//24645/411485.mp3,繪本平台_Thao_411485.mp3,Thao,Thao,411485,HTTP 404
https://web.klokah.tw/text/sound//24649/411540.mp3,繪本平台_Thao_411540.mp3,Thao,Thao,411540,HTTP 404
https://web.klokah.tw/text/sound//24645/411479.mp3,繪本平台_Thao_411479.mp3,Thao,Thao,411479,HTTP 404
https://web.klokah.tw/text/sound//24643/411461.mp3,繪本平台_Thao_411461.mp3,Thao,Thao,411461,HTTP 404
https://web.klokah.tw/text/sound//24645/411480.mp3,繪本平台_Thao_411480.mp3,Thao,Thao,411480,HTTP 404
https://web.klokah.tw/text/sound//24649/411541.mp3,繪本平台_Thao_411541.mp3,Thao,Thao,411541,HTTP 404
https://web.klokah.tw/text/sound//24649/411534.mp3,繪本平台_Thao_411534.mp3,Thao,Thao,411534,HTTP 404
https://web.klokah.tw/text/sound//24643/411460.mp3,繪本平台_Thao_411460.mp3,Thao,Thao,411460,HTTP 404
https://web.klokah.tw/text/sound//24649/411530.mp3,繪本平台_Thao_411530.mp3,Thao,Thao,411530,HTTP 404
https://web.klokah.tw/text/sound//24649/411537.mp3,繪本平台_Thao_411537.mp3,Thao,Thao,411537,HTTP 404
https://web.klokah.tw/text/sound//24649/411542.mp3,繪本平台_Thao_411542.mp3,Thao,Thao,411542,HTTP 404
https://web.klokah.tw/text/sound//24645/411488.mp3,繪本平台_Thao_411488.mp3,Thao,Thao,411488,HTTP 404
https://web.klokah.tw/text/sound//24645/411483.mp3,繪本平台_Thao_411483.mp3,Thao,Thao,411483,HTTP 404
https://web.klokah.tw/text/sound//24643/411466.mp3,繪本平台_Thao_411466.mp3,Thao,Thao,411466,HTTP 404
https://web.klokah.tw/text/sound//24649/411531.mp3,繪本平台_Thao_411531.mp3,Thao,Thao,411531,HTTP 404
https://web.klokah.tw/text/sound//61834/852829.mp3,繪本平台_Saisiyat_852829.mp3,Saisiyat,Saisiyat,852829,HTTP 404
https://web.klokah.tw/text/sound//38531/606392.mp3,繪本平台_Saisiyat_606392.mp3,Saisiyat,Saisiyat,606392,HTTP 404
https://web.klokah.tw/text/sound//24645/411486.mp3,繪本平台_Thao_411486.mp3,Thao,Thao,411486,HTTP 404
https://web.klokah.tw/text/sound//24645/411487.mp3,繪本平台_Thao_411487.mp3,Thao,Thao,411487,HTTP 404
https://web.klokah.tw/text/sound//59392/827262.mp3,繪本平台_Saisiyat_827262.mp3,Saisiyat,Saisiyat,827262,HTTP 404
https://web.klokah.tw/text/sound//24649/411538.mp3,繪本平台_Thao_411538.mp3,Thao,Thao,411538,HTTP 404
https://web.klokah.tw/text/sound//3408/46639.mp3,繪本平台_Thao_46639.mp3,Thao,Thao,46639,HTTP 404
https://web.klokah.tw/text/sound//24643/411459.mp3,繪本平台_Thao_411459.mp3,Thao,Thao,411459,HTTP 404
https://web.klokah.tw/text/sound//11691/146007.mp3,繪本平台_Thao_146007.mp3,Thao,Thao,146007,HTTP 404
https://web.klokah.tw/text/sound//24645/411489.mp3,繪本平台_Thao_411489.mp3,Thao,Thao,411489,HTTP 404
https://web.klokah.tw/text/sound//24645/411482.mp3,繪本平台_Thao_411482.mp3,Thao,Thao,411482,HTTP 404
https://web.klokah.tw/text/sound//24649/411539.mp3,繪本平台_Thao_411539.mp3,Thao,Thao,411539,HTTP 404
https://web.klokah.tw/text/sound//24649/411536.mp3,繪本平台_Thao_411536.mp3,Thao,Thao,411536,HTTP 404
https://web.klokah.tw/text/sound//24643/411462.mp3,繪本平台_Thao_411462.mp3,Thao,Thao,411462,HTTP 404
https://web.klokah.tw/text/sound//24645/411474.mp3,繪本平台_Thao_411474.mp3,Thao,Thao,411474,HTTP 404
https://web.klokah.tw/text/sound//24649/411543.mp3,繪本平台_Thao_411543.mp3,Thao,Thao,411543,HTTP 404
https://web.klokah.tw/text/sound//24643/411463.mp3,繪本平台_Thao_411463.mp3,Thao,Thao,411463,HTTP 404
https://web.klokah.tw/text/sound//24645/411475.mp3,繪本平台_Thao_411475.mp3,Thao,Thao,411475,HTTP 404
https://web.klokah.tw/text/sound//24649/411532.mp3,繪本平台_Thao_411532.mp3,Thao,Thao,411532,HTTP 404
https://web.klokah.tw/text/sound//24645/411477.mp3,繪本平台_Thao_411477.mp3,Thao,Thao,411477,HTTP 404
https://web.klokah.tw/text/sound//24645/411476.mp3,繪本平台_Thao_411476.mp3,Thao,Thao,411476,HTTP 404
https://web.klokah.tw/text/sound//24649/411535.mp3,繪本平台_Thao_411535.mp3,Thao,Thao,411535,HTTP 404
https://web.klokah.tw/text/sound//24645/411481.mp3,繪本平台_Thao_411481.mp3,Thao,Thao,411481,HTTP 404
https://web.klokah.tw/text/sound//24643/411464.mp3,繪本平台_Thao_411464.mp3,Thao,Thao,411464,HTTP 404
https://web.klokah.tw/text/sound//24645/411478.mp3,繪本平台_Thao_411478.mp3,Thao,Thao,411478,HTTP 404
https://web.klokah.tw/text/sound//24649/411533.mp3,繪本平台_Thao_411533.mp3,Thao,Thao,411533,HTTP 404
https://web.klokah.tw/text/sound//24649/411529.mp3,繪本平台_Thao_411529.mp3,Thao,Thao,411529,HTTP 404
https://web.klokah.tw/text/sound//6826/81066.mp3,繪本平台_Thao_81066.mp3,Thao,Thao,81066,HTTP 404
https://web.klokah.tw/text/sound//24649/411528.mp3,繪本平台_Thao_411528.mp3,Thao,Thao,411528,HTTP 404
https://web.klokah.tw/text/sound//24645/411484.mp3,繪本平台_Thao_411484.mp3,Thao,Thao,411484,HTTP 404
https://web.klokah.tw/text/sound//28311/467540.mp3,繪本平台_Thao_467540.mp3,Thao,Thao,467540,HTTP 404
https://web.klokah.tw/text/sound//24643/411465.mp3,繪本平台_Thao_411465.mp3,Thao,Thao,411465,HTTP 404
https://web.klokah.tw/text/sound//28311/467541.mp3,繪本平台_Thao_467541.mp3,Thao,Thao,467541,HTTP 404
https://web.klokah.tw/text/sound//28311/467544.mp3,繪本平台_Thao_467544.mp3,Thao,Thao,467544,HTTP 404
https://web.klokah.tw/text/sound//28311/467542.mp3,繪本平台_Thao_467542.mp3,Thao,Thao,467542,HTTP 404
https://web.klokah.tw/text/sound//28311/467543.mp3,繪本平台_Thao_467543.mp3,Thao,Thao,467543,HTTP 404
https://web.klokah.tw/text/sound//28311/467545.mp3,繪本平台_Thao_467545.mp3,Thao,Thao,467545,HTTP 404
https://web.klokah.tw/text/sound//28311/467546.mp3,繪本平台_Thao_467546.mp3,Thao,Thao,467546,HTTP 404
https://web.klokah.tw/text/sound//28311/467551.mp3,繪本平台_Thao_467551.mp3,Thao,Thao,467551,HTTP 404
https://web.klokah.tw/text/sound//28311/467550.mp3,繪本平台_Thao_467550.mp3,Thao,Thao,467550,HTTP 404
https://web.klokah.tw/text/sound//28311/467547.mp3,繪本平台_Thao_467547.mp3,Thao,Thao,467547,HTTP 404
https://web.klokah.tw/text/sound//28311/467553.mp3,繪本平台_Thao_467553.mp3,Thao,Thao,467553,HTTP 404
https://web.klokah.tw/text/sound//28311/467549.mp3,繪本平台_Thao_467549.mp3,Thao,Thao,467549,HTTP 404
https://web.klokah.tw/text/sound//28311/467554.mp3,繪本平台_Thao_467554.mp3,Thao,Thao,467554,HTTP 404
https://web.klokah.tw/text/sound//28311/467548.mp3,繪本平台_Thao_467548.mp3,Thao,Thao,467548,HTTP 404
https://web.klokah.tw/text/sound//38008/599879.mp3,繪本平台_Thao_599879.mp3,Thao,Thao,599879,HTTP 404
https://web.klokah.tw/text/sound//28311/467552.mp3,繪本平台_Thao_467552.mp3,Thao,Thao,467552,HTTP 404
https://web.klokah.tw/text/sound//38008/599883.mp3,繪本平台_Thao_599883.mp3,Thao,Thao,599883,HTTP 404
https://web.klokah.tw/text/sound//38008/599886.mp3,繪本平台_Thao_599886.mp3,Thao,Thao,599886,HTTP 404
https://web.klokah.tw/text/sound//38008/599882.mp3,繪本平台_Thao_599882.mp3,Thao,Thao,599882,HTTP 404
https://web.klokah.tw/text/sound//38008/599885.mp3,繪本平台_Thao_599885.mp3,Thao,Thao,599885,HTTP 404
https://web.klokah.tw/text/sound//28311/467555.mp3,繪本平台_Thao_467555.mp3,Thao,Thao,467555,HTTP 404
https://web.klokah.tw/text/sound//38008/599880.mp3,繪本平台_Thao_599880.mp3,Thao,Thao,599880,HTTP 404
https://web.klokah.tw/text/sound//33260/520722.mp3,繪本平台_Thao_520722.mp3,Thao,Thao,520722,HTTP 404
https://web.klokah.tw/text/sound//38008/599878.mp3,繪本平台_Thao_599878.mp3,Thao,Thao,599878,HTTP 404
https://web.klokah.tw/text/sound//38008/599881.mp3,繪本平台_Thao_599881.mp3,Thao,Thao,599881,HTTP 404
https://web.klokah.tw/text/sound//38008/599888.mp3,繪本平台_Thao_599888.mp3,Thao,Thao,599888,HTTP 404
https://web.klokah.tw/text/sound//38008/599889.mp3,繪本平台_Thao_599889.mp3,Thao,Thao,599889,HTTP 404
https://web.klokah.tw/text/sound//38008/599887.mp3,繪本平台_Thao_599887.mp3,Thao,Thao,599887,HTTP 404
https://web.klokah.tw/text/sound//38008/599884.mp3,繪本平台_Thao_599884.mp3,Thao,Thao,599884,HTTP 404
https://web.klokah.tw/text/sound//38008/599890.mp3,繪本平台_Thao_599890.mp3,Thao,Thao,599890,HTTP 404
https://web.klokah.tw/text/sound//38014/599936.mp3,繪本平台_Thao_599936.mp3,Thao,Thao,599936,HTTP 404
https://web.klokah.tw/text/sound//38014/599940.mp3,繪本平台_Thao_599940.mp3,Thao,Thao,599940,HTTP 404
https://web.klokah.tw/text/sound//38014/599937.mp3,繪本平台_Thao_599937.mp3,Thao,Thao,599937,HTTP 404
https://web.klokah.tw/text/sound//38014/599942.mp3,繪本平台_Thao_599942.mp3,Thao,Thao,599942,HTTP 404
https://web.klokah.tw/text/sound//38008/599892.mp3,繪本平台_Thao_599892.mp3,Thao,Thao,599892,HTTP 404
https://web.klokah.tw/text/sound//38014/599934.mp3,繪本平台_Thao_599934.mp3,Thao,Thao,599934,HTTP 404
https://web.klokah.tw/text/sound//38014/599935.mp3,繪本平台_Thao_599935.mp3,Thao,Thao,599935,HTTP 404
https://web.klokah.tw/text/sound//38008/599891.mp3,繪本平台_Thao_599891.mp3,Thao,Thao,599891,HTTP 404
https://web.klokah.tw/text/sound//38014/599938.mp3,繪本平台_Thao_599938.mp3,Thao,Thao,599938,HTTP 404
https://web.klokah.tw/text/sound//38014/599939.mp3,繪本平台_Thao_599939.mp3,Thao,Thao,599939,HTTP 404
https://web.klokah.tw/text/sound//38014/599944.mp3,繪本平台_Thao_599944.mp3,Thao,Thao,599944,HTTP 404
https://web.klokah.tw/text/sound//38014/599941.mp3,繪本平台_Thao_599941.mp3,Thao,Thao,599941,HTTP 404
https://web.klokah.tw/text/sound//38019/599987.mp3,繪本平台_Thao_599987.mp3,Thao,Thao,599987,HTTP 404
https://web.klokah.tw/text/sound//38019/599988.mp3,繪本平台_Thao_599988.mp3,Thao,Thao,599988,HTTP 404
https://web.klokah.tw/text/sound//38014/599943.mp3,繪本平台_Thao_599943.mp3,Thao,Thao,599943,HTTP 404
https://web.klokah.tw/text/sound//38019/599995.mp3,繪本平台_Thao_599995.mp3,Thao,Thao,599995,HTTP 404
https://web.klokah.tw/text/sound//38019/599992.mp3,繪本平台_Thao_599992.mp3,Thao,Thao,599992,HTTP 404
https://web.klokah.tw/text/sound//38014/599947.mp3,繪本平台_Thao_599947.mp3,Thao,Thao,599947,HTTP 404
https://web.klokah.tw/text/sound//38019/599996.mp3,繪本平台_Thao_599996.mp3,Thao,Thao,599996,HTTP 404
https://web.klokah.tw/text/sound//38014/599946.mp3,繪本平台_Thao_599946.mp3,Thao,Thao,599946,HTTP 404
https://web.klokah.tw/text/sound//38019/600000.mp3,繪本平台_Thao_600000.mp3,Thao,Thao,600000,HTTP 404
https://web.klokah.tw/text/sound//38019/599989.mp3,繪本平台_Thao_599989.mp3,Thao,Thao,599989,HTTP 404
https://web.klokah.tw/text/sound//38019/600004.mp3,繪本平台_Thao_600004.mp3,Thao,Thao,600004,HTTP 404
https://web.klokah.tw/text/sound//38019/600002.mp3,繪本平台_Thao_600002.mp3,Thao,Thao,600002,HTTP 404
https://web.klokah.tw/text/sound//38019/600003.mp3,繪本平台_Thao_600003.mp3,Thao,Thao,600003,HTTP 404
https://web.klokah.tw/text/sound//38019/600001.mp3,繪本平台_Thao_600001.mp3,Thao,Thao,600001,HTTP 404
https://web.klokah.tw/text/sound//38019/599990.mp3,繪本平台_Thao_599990.mp3,Thao,Thao,599990,HTTP 404
https://web.klokah.tw/text/sound//38024/600057.mp3,繪本平台_Thao_600057.mp3,Thao,Thao,600057,HTTP 404
https://web.klokah.tw/text/sound//38019/599993.mp3,繪本平台_Thao_599993.mp3,Thao,Thao,599993,HTTP 404
https://web.klokah.tw/text/sound//38019/599998.mp3,繪本平台_Thao_599998.mp3,Thao,Thao,599998,HTTP 404
https://web.klokah.tw/text/sound//38019/599997.mp3,繪本平台_Thao_599997.mp3,Thao,Thao,599997,HTTP 404
https://web.klokah.tw/text/sound//38019/599994.mp3,繪本平台_Thao_599994.mp3,Thao,Thao,599994,HTTP 404
https://web.klokah.tw/text/sound//38024/600058.mp3,繪本平台_Thao_600058.mp3,Thao,Thao,600058,HTTP 404
https://web.klokah.tw/text/sound//38019/599999.mp3,繪本平台_Thao_599999.mp3,Thao,Thao,599999,HTTP 404
https://web.klokah.tw/text/sound//61835/852297.mp3,繪本平台_Thao_852297.mp3,Thao,Thao,852297,HTTP 404
https://web.klokah.tw/text/sound//3500/47688.mp3,繪本平台_Tegudaya_Seediq_47688.mp3,Seediq,Tegudaya_Seediq,47688,HTTP 404
https://web.klokah.tw/text/sound//59402/827357.mp3,繪本平台_Thao_827357.mp3,Thao,Thao,827357,HTTP 404
https://web.klokah.tw/text/sound//59402/827364.mp3,繪本平台_Thao_827364.mp3,Thao,Thao,827364,HTTP 404
https://web.klokah.tw/text/sound//6814/80954.mp3,繪本平台_Tegudaya_Seediq_80954.mp3,Seediq,Tegudaya_Seediq,80954,HTTP 404
https://web.klokah.tw/text/sound//6814/80950.mp3,繪本平台_Tegudaya_Seediq_80950.mp3,Seediq,Tegudaya_Seediq,80950,HTTP 404
https://web.klokah.tw/text/sound//38024/600059.mp3,繪本平台_Thao_600059.mp3,Thao,Thao,600059,HTTP 404
https://web.klokah.tw/text/sound//33200/520012.mp3,繪本平台_Tegudaya_Seediq_520012.mp3,Seediq,Tegudaya_Seediq,520012,HTTP 404
https://web.klokah.tw/text/sound//59402/827367.mp3,繪本平台_Thao_827367.mp3,Thao,Thao,827367,HTTP 404
https://web.klokah.tw/text/sound//3481/47452.mp3,繪本平台_Tegudaya_Seediq_47452.mp3,Seediq,Tegudaya_Seediq,47452,HTTP 404
https://web.klokah.tw/text/sound//61835/852830.mp3,繪本平台_Thao_852830.mp3,Thao,Thao,852830,HTTP 404
https://web.klokah.tw/text/sound//59412/827469.mp3,繪本平台_Tegudaya_Seediq_827469.mp3,Seediq,Tegudaya_Seediq,827469,HTTP 404
https://web.klokah.tw/text/sound//38549/606621.mp3,繪本平台_Thao_606621.mp3,Thao,Thao,606621,HTTP 404
https://web.klokah.tw/text/sound//59412/827466.mp3,繪本平台_Tegudaya_Seediq_827466.mp3,Seediq,Tegudaya_Seediq,827466,HTTP 404
https://web.klokah.tw/text/sound//59412/827459.mp3,繪本平台_Tegudaya_Seediq_827459.mp3,Seediq,Tegudaya_Seediq,827459,HTTP 404
https://web.klokah.tw/text/sound//6799/134869.mp3,繪本平台_Junqun_Bunun_134869.mp3,Bunun,Junqun_Bunun,134869,HTTP 404
https://web.klokah.tw/text/sound//8472/104836.mp3,繪本平台_Tegudaya_Seediq_104836.mp3,Seediq,Tegudaya_Seediq,104836,HTTP 404
https://web.klokah.tw/text/sound//8472/104835.mp3,繪本平台_Tegudaya_Seediq_104835.mp3,Seediq,Tegudaya_Seediq,104835,HTTP 404
https://web.klokah.tw/text/sound//8493/143699.mp3,繪本平台_Junqun_Bunun_143699.mp3,Bunun,Junqun_Bunun,143699,HTTP 404
https://web.klokah.tw/text/sound//11702/146125.mp3,繪本平台_Tegudaya_Seediq_146125.mp3,Seediq,Tegudaya_Seediq,146125,HTTP 404
https://web.klokah.tw/text/sound//8500/105150.mp3,繪本平台_Junqun_Bunun_105150.mp3,Bunun,Junqun_Bunun,105150,HTTP 404
https://web.klokah.tw/text/sound//59422/827561.mp3,繪本平台_Junqun_Bunun_827561.mp3,Bunun,Junqun_Bunun,827561,HTTP 404
https://web.klokah.tw/text/sound//61836/852318.mp3,繪本平台_Tegudaya_Seediq_852318.mp3,Seediq,Tegudaya_Seediq,852318,HTTP 404
https://web.klokah.tw/text/sound//3609/853019.mp3,繪本平台_Junqun_Bunun_853019.mp3,Bunun,Junqun_Bunun,853019,HTTP 404
https://web.klokah.tw/text/sound//38567/606850.mp3,繪本平台_Tegudaya_Seediq_606850.mp3,Seediq,Tegudaya_Seediq,606850,HTTP 404
https://web.klokah.tw/text/sound//11715/146267.mp3,繪本平台_Tegudaya_Seediq_146267.mp3,Seediq,Tegudaya_Seediq,146267,HTTP 404
https://web.klokah.tw/text/sound//11739/146527.mp3,繪本平台_Junqun_Bunun_146527.mp3,Bunun,Junqun_Bunun,146527,HTTP 404
https://web.klokah.tw/text/sound//38585/607079.mp3,繪本平台_Junqun_Bunun_607079.mp3,Bunun,Junqun_Bunun,607079,HTTP 404
https://web.klokah.tw/text/sound//3536/48052.mp3,繪本平台_Tegudaya_Seediq_48052.mp3,Seediq,Tegudaya_Seediq,48052,HTTP 404
https://web.klokah.tw/text/sound//11726/146385.mp3,繪本平台_Junqun_Bunun_146385.mp3,Bunun,Junqun_Bunun,146385,HTTP 404
https://web.klokah.tw/text/sound//8500/105151.mp3,繪本平台_Junqun_Bunun_105151.mp3,Bunun,Junqun_Bunun,105151,HTTP 404
https://web.klokah.tw/text/sound//6799/134871.mp3,繪本平台_Junqun_Bunun_134871.mp3,Bunun,Junqun_Bunun,134871,HTTP 404
https://web.klokah.tw/text/sound//2954/97699.mp3,繪本平台_Junqun_Bunun_97699.mp3,Bunun,Junqun_Bunun,97699,HTTP 404
https://web.klokah.tw/text/sound//61836/852831.mp3,繪本平台_Tegudaya_Seediq_852831.mp3,Seediq,Tegudaya_Seediq,852831,HTTP 404
https://web.klokah.tw/text/sound//59422/827571.mp3,繪本平台_Junqun_Bunun_827571.mp3,Bunun,Junqun_Bunun,827571,HTTP 404
https://web.klokah.tw/text/sound//59422/827568.mp3,繪本平台_Junqun_Bunun_827568.mp3,Bunun,Junqun_Bunun,827568,HTTP 404
https://web.klokah.tw/text/sound//61837/852832.mp3,繪本平台_Junqun_Bunun_852832.mp3,Bunun,Junqun_Bunun,852832,HTTP 404
https://web.klokah.tw/text/sound//38019/599991.mp3,繪本平台_Thao_599991.mp3,Thao,Thao,599991,HTTP 404
https://web.klokah.tw/text/sound//61837/852339.mp3,繪本平台_Junqun_Bunun_852339.mp3,Bunun,Junqun_Bunun,852339,HTTP 404
https://web.klokah.tw/text/sound//3646/49314.mp3,繪本平台_Northern_Paiwan_49314.mp3,Paiwan,Northern_Paiwan,49314,HTTP 404
https://web.klokah.tw/text/sound//38014/599945.mp3,繪本平台_Thao_599945.mp3,Thao,Thao,599945,HTTP 404
https://web.klokah.tw/text/sound//2960/97700.mp3,繪本平台_Northern_Paiwan_97700.mp3,Paiwan,Northern_Paiwan,97700,HTTP 404
https://web.klokah.tw/text/sound//3646/49313.mp3,繪本平台_Northern_Paiwan_49313.mp3,Paiwan,Northern_Paiwan,49313,HTTP 404
https://web.klokah.tw/text/sound//3682/49678.mp3,繪本平台_Northern_Paiwan_49678.mp3,Paiwan,Northern_Paiwan,49678,HTTP 404
https://web.klokah.tw/text/sound//6793/80743.mp3,繪本平台_Northern_Paiwan_80743.mp3,Paiwan,Northern_Paiwan,80743,HTTP 404
https://web.klokah.tw/text/sound//8528/105466.mp3,繪本平台_Northern_Paiwan_105466.mp3,Paiwan,Northern_Paiwan,105466,HTTP 404
https://web.klokah.tw/text/sound//8528/105465.mp3,繪本平台_Northern_Paiwan_105465.mp3,Paiwan,Northern_Paiwan,105465,HTTP 404
https://web.klokah.tw/text/sound//11763/146787.mp3,繪本平台_Northern_Paiwan_146787.mp3,Paiwan,Northern_Paiwan,146787,HTTP 404
https://web.klokah.tw/text/sound//11750/146645.mp3,繪本平台_Northern_Paiwan_146645.mp3,Paiwan,Northern_Paiwan,146645,HTTP 404
https://web.klokah.tw/text/sound//33284/521006.mp3,繪本平台_Northern_Paiwan_521006.mp3,Paiwan,Northern_Paiwan,521006,HTTP 404
https://web.klokah.tw/text/sound//59432/827663.mp3,繪本平台_Northern_Paiwan_827663.mp3,Paiwan,Northern_Paiwan,827663,HTTP 404
https://web.klokah.tw/text/sound//38603/607308.mp3,繪本平台_Northern_Paiwan_607308.mp3,Paiwan,Northern_Paiwan,607308,HTTP 404
https://web.klokah.tw/text/sound//6793/80739.mp3,繪本平台_Northern_Paiwan_80739.mp3,Paiwan,Northern_Paiwan,80739,HTTP 404
https://web.klokah.tw/text/sound//61838/852833.mp3,繪本平台_Northern_Paiwan_852833.mp3,Paiwan,Northern_Paiwan,852833,HTTP 404
https://web.klokah.tw/text/sound//6777/80568.mp3,繪本平台_Wutai_Rukai_80568.mp3,Rukai,Wutai_Rukai,80568,HTTP 404
https://web.klokah.tw/text/sound//3719/50127.mp3,繪本平台_Wutai_Rukai_50127.mp3,Rukai,Wutai_Rukai,50127,HTTP 404
https://web.klokah.tw/text/sound//3755/50491.mp3,繪本平台_Wutai_Rukai_50491.mp3,Rukai,Wutai_Rukai,50491,HTTP 404
https://web.klokah.tw/text/sound//8556/105781.mp3,繪本平台_Wutai_Rukai_105781.mp3,Rukai,Wutai_Rukai,105781,HTTP 404
https://web.klokah.tw/text/sound//6777/80564.mp3,繪本平台_Wutai_Rukai_80564.mp3,Rukai,Wutai_Rukai,80564,HTTP 404
https://web.klokah.tw/text/sound//3700/97701.mp3,繪本平台_Wutai_Rukai_97701.mp3,Rukai,Wutai_Rukai,97701,HTTP 404
https://web.klokah.tw/text/sound//59432/827670.mp3,繪本平台_Northern_Paiwan_827670.mp3,Paiwan,Northern_Paiwan,827670,HTTP 404
https://web.klokah.tw/text/sound//59432/827673.mp3,繪本平台_Northern_Paiwan_827673.mp3,Paiwan,Northern_Paiwan,827673,HTTP 404
https://web.klokah.tw/text/sound//61838/852360.mp3,繪本平台_Northern_Paiwan_852360.mp3,Paiwan,Northern_Paiwan,852360,HTTP 404
https://web.klokah.tw/text/sound//11787/147047.mp3,繪本平台_Wutai_Rukai_147047.mp3,Rukai,Wutai_Rukai,147047,HTTP 404
https://web.klokah.tw/text/sound//8556/105780.mp3,繪本平台_Wutai_Rukai_105780.mp3,Rukai,Wutai_Rukai,105780,HTTP 404
https://web.klokah.tw/text/sound//61839/852381.mp3,繪本平台_Wutai_Rukai_852381.mp3,Rukai,Wutai_Rukai,852381,HTTP 404
https://web.klokah.tw/text/sound//11774/146905.mp3,繪本平台_Wutai_Rukai_146905.mp3,Rukai,Wutai_Rukai,146905,HTTP 404
https://web.klokah.tw/text/sound//59442/827778.mp3,繪本平台_Wutai_Rukai_827778.mp3,Rukai,Wutai_Rukai,827778,HTTP 404
https://web.klokah.tw/text/sound//38621/607537.mp3,繪本平台_Wutai_Rukai_607537.mp3,Rukai,Wutai_Rukai,607537,HTTP 404
https://web.klokah.tw/text/sound//33296/521148.mp3,繪本平台_Wutai_Rukai_521148.mp3,Rukai,Wutai_Rukai,521148,HTTP 404
https://web.klokah.tw/text/sound//59442/827771.mp3,繪本平台_Wutai_Rukai_827771.mp3,Rukai,Wutai_Rukai,827771,HTTP 404
https://web.klokah.tw/text/sound//3792/50940.mp3,繪本平台_Truku_50940.mp3,Truku,Truku,50940,HTTP 404
https://web.klokah.tw/text/sound//3773/97545.mp3,繪本平台_Truku_97545.mp3,Truku,Truku,97545,HTTP 404
https://web.klokah.tw/text/sound//61839/852834.mp3,繪本平台_Wutai_Rukai_852834.mp3,Rukai,Wutai_Rukai,852834,HTTP 404
https://web.klokah.tw/text/sound//3828/77936.mp3,繪本平台_Truku_77936.mp3,Truku,Truku,77936,HTTP 404
https://web.klokah.tw/text/sound//59442/827781.mp3,繪本平台_Wutai_Rukai_827781.mp3,Rukai,Wutai_Rukai,827781,HTTP 404
https://web.klokah.tw/text/sound//59452/827873.mp3,繪本平台_Truku_827873.mp3,Truku,Truku,827873,HTTP 404
https://web.klokah.tw/text/sound//33308/521290.mp3,繪本平台_Truku_521290.mp3,Truku,Truku,521290,HTTP 404
https://web.klokah.tw/text/sound//61840/852402.mp3,繪本平台_Truku_852402.mp3,Truku,Truku,852402,HTTP 404
https://web.klokah.tw/text/sound//6766/80481.mp3,繪本平台_Truku_80481.mp3,Truku,Truku,80481,HTTP 404
https://web.klokah.tw/text/sound//6766/80485.mp3,繪本平台_Truku_80485.mp3,Truku,Truku,80485,HTTP 404
https://web.klokah.tw/text/sound//8584/106095.mp3,繪本平台_Truku_106095.mp3,Truku,Truku,106095,HTTP 404
https://web.klokah.tw/text/sound//11798/147165.mp3,繪本平台_Truku_147165.mp3,Truku,Truku,147165,HTTP 404
https://web.klokah.tw/text/sound//11811/147307.mp3,繪本平台_Truku_147307.mp3,Truku,Truku,147307,HTTP 404
https://web.klokah.tw/text/sound//3901/52117.mp3,繪本平台_Kavalan_52117.mp3,Kavalan,Kavalan,52117,HTTP 404
https://web.klokah.tw/text/sound//59452/827880.mp3,繪本平台_Truku_827880.mp3,Truku,Truku,827880,HTTP 404
https://web.klokah.tw/text/sound//6749/80289.mp3,繪本平台_Kavalan_80289.mp3,Kavalan,Kavalan,80289,HTTP 404
https://web.klokah.tw/text/sound//38639/607766.mp3,繪本平台_Truku_607766.mp3,Truku,Truku,607766,HTTP 404
https://web.klokah.tw/text/sound//11835/147567.mp3,繪本平台_Kavalan_147567.mp3,Kavalan,Kavalan,147567,HTTP 404
https://web.klokah.tw/text/sound//8612/109091.mp3,繪本平台_Kavalan_109091.mp3,Kavalan,Kavalan,109091,HTTP 404
https://web.klokah.tw/text/sound//38657/607995.mp3,繪本平台_Kavalan_607995.mp3,Kavalan,Kavalan,607995,HTTP 404
https://web.klokah.tw/text/sound//33170/519645.mp3,繪本平台_Kavalan_519645.mp3,Kavalan,Kavalan,519645,HTTP 404
https://web.klokah.tw/text/sound//61841/852423.mp3,繪本平台_Kavalan_852423.mp3,Kavalan,Kavalan,852423,HTTP 404
https://web.klokah.tw/text/sound//3846/51517.mp3,繪本平台_Kavalan_51517.mp3,Kavalan,Kavalan,51517,HTTP 404
https://web.klokah.tw/text/sound//59452/827883.mp3,繪本平台_Truku_827883.mp3,Truku,Truku,827883,HTTP 404
https://web.klokah.tw/text/sound//61840/852835.mp3,繪本平台_Truku_852835.mp3,Truku,Truku,852835,HTTP 404
https://web.klokah.tw/text/sound//3865/51753.mp3,繪本平台_Kavalan_51753.mp3,Kavalan,Kavalan,51753,HTTP 404
https://web.klokah.tw/text/sound//3919/52330.mp3,繪本平台_Tsou_52330.mp3,Tsou,Tsou,52330,HTTP 404
https://web.klokah.tw/text/sound//8612/106411.mp3,繪本平台_Kavalan_106411.mp3,Kavalan,Kavalan,106411,HTTP 404
https://web.klokah.tw/text/sound//11822/147425.mp3,繪本平台_Kavalan_147425.mp3,Kavalan,Kavalan,147425,HTTP 404
https://web.klokah.tw/text/sound//6749/80293.mp3,繪本平台_Kavalan_80293.mp3,Kavalan,Kavalan,80293,HTTP 404
https://web.klokah.tw/text/sound//10903/136625.mp3,繪本平台_Tsou_136625.mp3,Tsou,Tsou,136625,HTTP 404
https://web.klokah.tw/text/sound//3938/52566.mp3,繪本平台_Tsou_52566.mp3,Tsou,Tsou,52566,HTTP 404
https://web.klokah.tw/text/sound//59462/827982.mp3,繪本平台_Kavalan_827982.mp3,Kavalan,Kavalan,827982,HTTP 404
https://web.klokah.tw/text/sound//59462/827975.mp3,繪本平台_Kavalan_827975.mp3,Kavalan,Kavalan,827975,HTTP 404
https://web.klokah.tw/text/sound//59462/827985.mp3,繪本平台_Kavalan_827985.mp3,Kavalan,Kavalan,827985,HTTP 404
https://web.klokah.tw/text/sound//61841/852836.mp3,繪本平台_Kavalan_852836.mp3,Kavalan,Kavalan,852836,HTTP 404
https://web.klokah.tw/text/sound//6738/97321.mp3,繪本平台_Tsou_97321.mp3,Tsou,Tsou,97321,HTTP 404
https://web.klokah.tw/text/sound//3974/52930.mp3,繪本平台_Tsou_52930.mp3,Tsou,Tsou,52930,HTTP 404
https://web.klokah.tw/text/sound//6738/134894.mp3,繪本平台_Tsou_134894.mp3,Tsou,Tsou,134894,HTTP 404
https://web.klokah.tw/text/sound//7632/93388.mp3,繪本平台_Tsou_93388.mp3,Tsou,Tsou,93388,HTTP 404
https://web.klokah.tw/text/sound//11549/144482.mp3,繪本平台_Tsou_144482.mp3,Tsou,Tsou,144482,HTTP 404
https://web.klokah.tw/text/sound//8640/106726.mp3,繪本平台_Tsou_106726.mp3,Tsou,Tsou,106726,HTTP 404
https://web.klokah.tw/text/sound//8752/107986.mp3,繪本平台_Kanakanavu_107986.mp3,Kanakanavu,Kanakanavu,107986,HTTP 404
https://web.klokah.tw/text/sound//8640/106725.mp3,繪本平台_Tsou_106725.mp3,Tsou,Tsou,106725,HTTP 404
https://web.klokah.tw/text/sound//6694/79735.mp3,繪本平台_Kanakanavu_79735.mp3,Kanakanavu,Kanakanavu,79735,HTTP 404
https://web.klokah.tw/text/sound//38675/608224.mp3,繪本平台_Tsou_608224.mp3,Tsou,Tsou,608224,HTTP 404
https://web.klokah.tw/text/sound//33368/522000.mp3,繪本平台_Kanakanavu_522000.mp3,Kanakanavu,Kanakanavu,522000,HTTP 404
https://web.klokah.tw/text/sound//11918/148465.mp3,繪本平台_Kanakanavu_148465.mp3,Kanakanavu,Kanakanavu,148465,HTTP 404
https://web.klokah.tw/text/sound//6590/77948.mp3,繪本平台_Kanakanavu_77948.mp3,Kanakanavu,Kanakanavu,77948,HTTP 404
https://web.klokah.tw/text/sound//4261/56174.mp3,繪本平台_Kanakanavu_56174.mp3,Kanakanavu,Kanakanavu,56174,HTTP 404
https://web.klokah.tw/text/sound//11931/148607.mp3,繪本平台_Kanakanavu_148607.mp3,Kanakanavu,Kanakanavu,148607,HTTP 404
https://web.klokah.tw/text/sound//59512/828485.mp3,繪本平台_Kanakanavu_828485.mp3,Kanakanavu,Kanakanavu,828485,HTTP 404
https://web.klokah.tw/text/sound//59512/828492.mp3,繪本平台_Kanakanavu_828492.mp3,Kanakanavu,Kanakanavu,828492,HTTP 404
https://web.klokah.tw/text/sound//59472/828077.mp3,繪本平台_Tsou_828077.mp3,Tsou,Tsou,828077,HTTP 404
https://web.klokah.tw/text/sound//8752/107985.mp3,繪本平台_Kanakanavu_107985.mp3,Kanakanavu,Kanakanavu,107985,HTTP 404
https://web.klokah.tw/text/sound//6694/79731.mp3,繪本平台_Kanakanavu_79731.mp3,Kanakanavu,Kanakanavu,79731,HTTP 404
https://web.klokah.tw/text/sound//38747/609140.mp3,繪本平台_Kanakanavu_609140.mp3,Kanakanavu,Kanakanavu,609140,HTTP 404
https://web.klokah.tw/text/sound//33320/521432.mp3,繪本平台_Tsou_521432.mp3,Tsou,Tsou,521432,HTTP 404
https://web.klokah.tw/text/sound//4297/56538.mp3,繪本平台_Kanakanavu_56538.mp3,Kanakanavu,Kanakanavu,56538,HTTP 404
https://web.klokah.tw/text/sound//59472/828087.mp3,繪本平台_Tsou_828087.mp3,Tsou,Tsou,828087,HTTP 404
https://web.klokah.tw/text/sound//59472/828084.mp3,繪本平台_Tsou_828084.mp3,Tsou,Tsou,828084,HTTP 404
https://web.klokah.tw/text/sound//59512/828495.mp3,繪本平台_Kanakanavu_828495.mp3,Kanakanavu,Kanakanavu,828495,HTTP 404
https://web.klokah.tw/text/sound//61846/852528.mp3,繪本平台_Kanakanavu_852528.mp3,Kanakanavu,Kanakanavu,852528,HTTP 404
https://web.klokah.tw/text/sound//61846/852841.mp3,繪本平台_Kanakanavu_852841.mp3,Kanakanavu,Kanakanavu,852841,HTTP 404
https://web.klokah.tw/text/sound//4334/56987.mp3,繪本平台_Saaroa_56987.mp3,Saaroa,Saaroa,56987,HTTP 404
https://web.klokah.tw/text/sound//4315/56751.mp3,繪本平台_Saaroa_56751.mp3,Saaroa,Saaroa,56751,HTTP 404
https://web.klokah.tw/text/sound//11942/148725.mp3,繪本平台_Saaroa_148725.mp3,Saaroa,Saaroa,148725,HTTP 404
https://web.klokah.tw/text/sound//8584/106096.mp3,繪本平台_Truku_106096.mp3,Truku,Truku,106096,HTTP 404
https://web.klokah.tw/text/sound//8780/108301.mp3,繪本平台_Saaroa_108301.mp3,Saaroa,Saaroa,108301,HTTP 404
https://web.klokah.tw/text/sound//8780/108300.mp3,繪本平台_Saaroa_108300.mp3,Saaroa,Saaroa,108300,HTTP 404
https://web.klokah.tw/text/sound//6683/79616.mp3,繪本平台_Saaroa_79616.mp3,Saaroa,Saaroa,79616,HTTP 404
https://web.klokah.tw/text/sound//6683/79612.mp3,繪本平台_Saaroa_79612.mp3,Saaroa,Saaroa,79612,HTTP 404
https://web.klokah.tw/text/sound//4370/57351.mp3,繪本平台_Saaroa_57351.mp3,Saaroa,Saaroa,57351,HTTP 404
https://web.klokah.tw/text/sound//24767/413036.mp3,繪本平台_Saaroa_413036.mp3,Saaroa,Saaroa,413036,HTTP 404
https://web.klokah.tw/text/sound//24767/413040.mp3,繪本平台_Saaroa_413040.mp3,Saaroa,Saaroa,413040,HTTP 404
https://web.klokah.tw/text/sound//24767/413041.mp3,繪本平台_Saaroa_413041.mp3,Saaroa,Saaroa,413041,HTTP 404
https://web.klokah.tw/text/sound//11955/148867.mp3,繪本平台_Saaroa_148867.mp3,Saaroa,Saaroa,148867,HTTP 404
https://web.klokah.tw/text/sound//24767/413039.mp3,繪本平台_Saaroa_413039.mp3,Saaroa,Saaroa,413039,HTTP 404
https://web.klokah.tw/text/sound//24767/413037.mp3,繪本平台_Saaroa_413037.mp3,Saaroa,Saaroa,413037,HTTP 404
https://web.klokah.tw/text/sound//24767/413038.mp3,繪本平台_Saaroa_413038.mp3,Saaroa,Saaroa,413038,HTTP 404
https://web.klokah.tw/text/sound//24767/413034.mp3,繪本平台_Saaroa_413034.mp3,Saaroa,Saaroa,413034,HTTP 404
https://web.klokah.tw/text/sound//24767/413043.mp3,繪本平台_Saaroa_413043.mp3,Saaroa,Saaroa,413043,HTTP 404
https://web.klokah.tw/text/sound//16957/211596.mp3,繪本平台_Saaroa_211596.mp3,Saaroa,Saaroa,211596,HTTP 404
https://web.klokah.tw/text/sound//24767/413035.mp3,繪本平台_Saaroa_413035.mp3,Saaroa,Saaroa,413035,HTTP 404
https://web.klokah.tw/text/sound//24767/413042.mp3,繪本平台_Saaroa_413042.mp3,Saaroa,Saaroa,413042,HTTP 404
https://web.klokah.tw/text/sound//24767/413047.mp3,繪本平台_Saaroa_413047.mp3,Saaroa,Saaroa,413047,HTTP 404
https://web.klokah.tw/text/sound//24767/413046.mp3,繪本平台_Saaroa_413046.mp3,Saaroa,Saaroa,413046,HTTP 404
https://web.klokah.tw/text/sound//24769/413059.mp3,繪本平台_Saaroa_413059.mp3,Saaroa,Saaroa,413059,HTTP 404
https://web.klokah.tw/text/sound//24769/413062.mp3,繪本平台_Saaroa_413062.mp3,Saaroa,Saaroa,413062,HTTP 404
https://web.klokah.tw/text/sound//24769/413061.mp3,繪本平台_Saaroa_413061.mp3,Saaroa,Saaroa,413061,HTTP 404
https://web.klokah.tw/text/sound//24767/413044.mp3,繪本平台_Saaroa_413044.mp3,Saaroa,Saaroa,413044,HTTP 404
https://web.klokah.tw/text/sound//24767/413049.mp3,繪本平台_Saaroa_413049.mp3,Saaroa,Saaroa,413049,HTTP 404
https://web.klokah.tw/text/sound//24767/413048.mp3,繪本平台_Saaroa_413048.mp3,Saaroa,Saaroa,413048,HTTP 404
https://web.klokah.tw/text/sound//24767/413045.mp3,繪本平台_Saaroa_413045.mp3,Saaroa,Saaroa,413045,HTTP 404
https://web.klokah.tw/text/sound//24769/413060.mp3,繪本平台_Saaroa_413060.mp3,Saaroa,Saaroa,413060,HTTP 404
https://web.klokah.tw/text/sound//24769/413065.mp3,繪本平台_Saaroa_413065.mp3,Saaroa,Saaroa,413065,HTTP 404
https://web.klokah.tw/text/sound//24769/413063.mp3,繪本平台_Saaroa_413063.mp3,Saaroa,Saaroa,413063,HTTP 404
https://web.klokah.tw/text/sound//24769/413064.mp3,繪本平台_Saaroa_413064.mp3,Saaroa,Saaroa,413064,HTTP 404
https://web.klokah.tw/text/sound//24769/413066.mp3,繪本平台_Saaroa_413066.mp3,Saaroa,Saaroa,413066,HTTP 404
https://web.klokah.tw/text/sound//24769/413067.mp3,繪本平台_Saaroa_413067.mp3,Saaroa,Saaroa,413067,HTTP 404
https://web.klokah.tw/text/sound//24769/413069.mp3,繪本平台_Saaroa_413069.mp3,Saaroa,Saaroa,413069,HTTP 404
https://web.klokah.tw/text/sound//24769/413068.mp3,繪本平台_Saaroa_413068.mp3,Saaroa,Saaroa,413068,HTTP 404
https://web.klokah.tw/text/sound//24769/413070.mp3,繪本平台_Saaroa_413070.mp3,Saaroa,Saaroa,413070,HTTP 404
https://web.klokah.tw/text/sound//24769/413074.mp3,繪本平台_Saaroa_413074.mp3,Saaroa,Saaroa,413074,HTTP 404
https://web.klokah.tw/text/sound//24769/413071.mp3,繪本平台_Saaroa_413071.mp3,Saaroa,Saaroa,413071,HTTP 404
https://web.klokah.tw/text/sound//24771/413083.mp3,繪本平台_Saaroa_413083.mp3,Saaroa,Saaroa,413083,HTTP 404
https://web.klokah.tw/text/sound//24771/413084.mp3,繪本平台_Saaroa_413084.mp3,Saaroa,Saaroa,413084,HTTP 404
https://web.klokah.tw/text/sound//16492/206616.mp3,繪本平台_Northern_Paiwan_206616.mp3,Paiwan,Northern_Paiwan,206616,HTTP 404
https://web.klokah.tw/text/sound//24769/413072.mp3,繪本平台_Saaroa_413072.mp3,Saaroa,Saaroa,413072,HTTP 404
https://web.klokah.tw/text/sound//24771/413088.mp3,繪本平台_Saaroa_413088.mp3,Saaroa,Saaroa,413088,HTTP 404
https://web.klokah.tw/text/sound//24769/413073.mp3,繪本平台_Saaroa_413073.mp3,Saaroa,Saaroa,413073,HTTP 404
https://web.klokah.tw/text/sound//24771/413091.mp3,繪本平台_Saaroa_413091.mp3,Saaroa,Saaroa,413091,HTTP 404
https://web.klokah.tw/text/sound//24771/413092.mp3,繪本平台_Saaroa_413092.mp3,Saaroa,Saaroa,413092,HTTP 404
https://web.klokah.tw/text/sound//24771/413089.mp3,繪本平台_Saaroa_413089.mp3,Saaroa,Saaroa,413089,HTTP 404
https://web.klokah.tw/text/sound//24771/413081.mp3,繪本平台_Saaroa_413081.mp3,Saaroa,Saaroa,413081,HTTP 404
https://web.klokah.tw/text/sound//24771/413082.mp3,繪本平台_Saaroa_413082.mp3,Saaroa,Saaroa,413082,HTTP 404
https://web.klokah.tw/text/sound//24771/413096.mp3,繪本平台_Saaroa_413096.mp3,Saaroa,Saaroa,413096,HTTP 404
https://web.klokah.tw/text/sound//24775/413137.mp3,繪本平台_Saaroa_413137.mp3,Saaroa,Saaroa,413137,HTTP 404
https://web.klokah.tw/text/sound//24775/413136.mp3,繪本平台_Saaroa_413136.mp3,Saaroa,Saaroa,413136,HTTP 404
https://web.klokah.tw/text/sound//24771/413090.mp3,繪本平台_Saaroa_413090.mp3,Saaroa,Saaroa,413090,HTTP 404
https://web.klokah.tw/text/sound//24771/413087.mp3,繪本平台_Saaroa_413087.mp3,Saaroa,Saaroa,413087,HTTP 404
https://web.klokah.tw/text/sound//24771/413085.mp3,繪本平台_Saaroa_413085.mp3,Saaroa,Saaroa,413085,HTTP 404
https://web.klokah.tw/text/sound//24771/413086.mp3,繪本平台_Saaroa_413086.mp3,Saaroa,Saaroa,413086,HTTP 404
https://web.klokah.tw/text/sound//24771/413094.mp3,繪本平台_Saaroa_413094.mp3,Saaroa,Saaroa,413094,HTTP 404
https://web.klokah.tw/text/sound//24775/413139.mp3,繪本平台_Saaroa_413139.mp3,Saaroa,Saaroa,413139,HTTP 404
https://web.klokah.tw/text/sound//24771/413093.mp3,繪本平台_Saaroa_413093.mp3,Saaroa,Saaroa,413093,HTTP 404
https://web.klokah.tw/text/sound//24771/413095.mp3,繪本平台_Saaroa_413095.mp3,Saaroa,Saaroa,413095,HTTP 404
https://web.klokah.tw/text/sound//24775/413142.mp3,繪本平台_Saaroa_413142.mp3,Saaroa,Saaroa,413142,HTTP 404
https://web.klokah.tw/text/sound//24775/413143.mp3,繪本平台_Saaroa_413143.mp3,Saaroa,Saaroa,413143,HTTP 404
https://web.klokah.tw/text/sound//24775/413135.mp3,繪本平台_Saaroa_413135.mp3,Saaroa,Saaroa,413135,HTTP 404
https://web.klokah.tw/text/sound//24775/413140.mp3,繪本平台_Saaroa_413140.mp3,Saaroa,Saaroa,413140,HTTP 404
https://web.klokah.tw/text/sound//24775/413141.mp3,繪本平台_Saaroa_413141.mp3,Saaroa,Saaroa,413141,HTTP 404
https://web.klokah.tw/text/sound//24775/413147.mp3,繪本平台_Saaroa_413147.mp3,Saaroa,Saaroa,413147,HTTP 404
https://web.klokah.tw/text/sound//24775/413138.mp3,繪本平台_Saaroa_413138.mp3,Saaroa,Saaroa,413138,HTTP 404
https://web.klokah.tw/text/sound//24775/413148.mp3,繪本平台_Saaroa_413148.mp3,Saaroa,Saaroa,413148,HTTP 404
https://web.klokah.tw/text/sound//25023/415656.mp3,繪本平台_Saaroa_415656.mp3,Saaroa,Saaroa,415656,HTTP 404
https://web.klokah.tw/text/sound//24775/413150.mp3,繪本平台_Saaroa_413150.mp3,Saaroa,Saaroa,413150,HTTP 404
https://web.klokah.tw/text/sound//25023/415657.mp3,繪本平台_Saaroa_415657.mp3,Saaroa,Saaroa,415657,HTTP 404
https://web.klokah.tw/text/sound//25023/415658.mp3,繪本平台_Saaroa_415658.mp3,Saaroa,Saaroa,415658,HTTP 404
https://web.klokah.tw/text/sound//25023/415660.mp3,繪本平台_Saaroa_415660.mp3,Saaroa,Saaroa,415660,HTTP 404
https://web.klokah.tw/text/sound//24775/413145.mp3,繪本平台_Saaroa_413145.mp3,Saaroa,Saaroa,413145,HTTP 404
https://web.klokah.tw/text/sound//24775/413144.mp3,繪本平台_Saaroa_413144.mp3,Saaroa,Saaroa,413144,HTTP 404
https://web.klokah.tw/text/sound//24775/413146.mp3,繪本平台_Saaroa_413146.mp3,Saaroa,Saaroa,413146,HTTP 404
https://web.klokah.tw/text/sound//25023/415654.mp3,繪本平台_Saaroa_415654.mp3,Saaroa,Saaroa,415654,HTTP 404
https://web.klokah.tw/text/sound//25023/415664.mp3,繪本平台_Saaroa_415664.mp3,Saaroa,Saaroa,415664,HTTP 404
https://web.klokah.tw/text/sound//25023/415655.mp3,繪本平台_Saaroa_415655.mp3,Saaroa,Saaroa,415655,HTTP 404
https://web.klokah.tw/text/sound//25023/415663.mp3,繪本平台_Saaroa_415663.mp3,Saaroa,Saaroa,415663,HTTP 404
https://web.klokah.tw/text/sound//24775/413149.mp3,繪本平台_Saaroa_413149.mp3,Saaroa,Saaroa,413149,HTTP 404
https://web.klokah.tw/text/sound//25023/415665.mp3,繪本平台_Saaroa_415665.mp3,Saaroa,Saaroa,415665,HTTP 404
https://web.klokah.tw/text/sound//25023/415661.mp3,繪本平台_Saaroa_415661.mp3,Saaroa,Saaroa,415661,HTTP 404
https://web.klokah.tw/text/sound//28383/468335.mp3,繪本平台_Saaroa_468335.mp3,Saaroa,Saaroa,468335,HTTP 404
https://web.klokah.tw/text/sound//28383/468336.mp3,繪本平台_Saaroa_468336.mp3,Saaroa,Saaroa,468336,HTTP 404
https://web.klokah.tw/text/sound//25023/415659.mp3,繪本平台_Saaroa_415659.mp3,Saaroa,Saaroa,415659,HTTP 404
https://web.klokah.tw/text/sound//25023/415662.mp3,繪本平台_Saaroa_415662.mp3,Saaroa,Saaroa,415662,HTTP 404
https://web.klokah.tw/text/sound//25023/415668.mp3,繪本平台_Saaroa_415668.mp3,Saaroa,Saaroa,415668,HTTP 404
https://web.klokah.tw/text/sound//28383/468339.mp3,繪本平台_Saaroa_468339.mp3,Saaroa,Saaroa,468339,HTTP 404
https://web.klokah.tw/text/sound//28383/468337.mp3,繪本平台_Saaroa_468337.mp3,Saaroa,Saaroa,468337,HTTP 404
https://web.klokah.tw/text/sound//25023/415666.mp3,繪本平台_Saaroa_415666.mp3,Saaroa,Saaroa,415666,HTTP 404
https://web.klokah.tw/text/sound//25023/415669.mp3,繪本平台_Saaroa_415669.mp3,Saaroa,Saaroa,415669,HTTP 404
https://web.klokah.tw/text/sound//28383/468334.mp3,繪本平台_Saaroa_468334.mp3,Saaroa,Saaroa,468334,HTTP 404
https://web.klokah.tw/text/sound//25023/415667.mp3,繪本平台_Saaroa_415667.mp3,Saaroa,Saaroa,415667,HTTP 404
https://web.klokah.tw/text/sound//28383/468338.mp3,繪本平台_Saaroa_468338.mp3,Saaroa,Saaroa,468338,HTTP 404
https://web.klokah.tw/text/sound//28383/468340.mp3,繪本平台_Saaroa_468340.mp3,Saaroa,Saaroa,468340,HTTP 404
https://web.klokah.tw/text/sound//28383/468343.mp3,繪本平台_Saaroa_468343.mp3,Saaroa,Saaroa,468343,HTTP 404
https://web.klokah.tw/text/sound//28383/468346.mp3,繪本平台_Saaroa_468346.mp3,Saaroa,Saaroa,468346,HTTP 404
https://web.klokah.tw/text/sound//28383/468342.mp3,繪本平台_Saaroa_468342.mp3,Saaroa,Saaroa,468342,HTTP 404
https://web.klokah.tw/text/sound//28383/468348.mp3,繪本平台_Saaroa_468348.mp3,Saaroa,Saaroa,468348,HTTP 404
https://web.klokah.tw/text/sound//28383/468341.mp3,繪本平台_Saaroa_468341.mp3,Saaroa,Saaroa,468341,HTTP 404
https://web.klokah.tw/text/sound//28383/468345.mp3,繪本平台_Saaroa_468345.mp3,Saaroa,Saaroa,468345,HTTP 404
https://web.klokah.tw/text/sound//28383/468344.mp3,繪本平台_Saaroa_468344.mp3,Saaroa,Saaroa,468344,HTTP 404
https://web.klokah.tw/text/sound//38765/609369.mp3,繪本平台_Saaroa_609369.mp3,Saaroa,Saaroa,609369,HTTP 404
https://web.klokah.tw/text/sound//33380/522142.mp3,繪本平台_Saaroa_522142.mp3,Saaroa,Saaroa,522142,HTTP 404
https://web.klokah.tw/text/sound//28383/468347.mp3,繪本平台_Saaroa_468347.mp3,Saaroa,Saaroa,468347,HTTP 404
https://web.klokah.tw/text/sound//28383/468349.mp3,繪本平台_Saaroa_468349.mp3,Saaroa,Saaroa,468349,HTTP 404
https://web.klokah.tw/text/sound//59522/828587.mp3,繪本平台_Saaroa_828587.mp3,Saaroa,Saaroa,828587,HTTP 404
https://web.klokah.tw/text/sound//4078/54099.mp3,繪本平台_Nanwang_Puyuma_54099.mp3,Puyuma,Nanwang_Puyuma,54099,HTTP 404
https://web.klokah.tw/text/sound//8668/107041.mp3,繪本平台_Nanwang_Puyuma_107041.mp3,Puyuma,Nanwang_Puyuma,107041,HTTP 404
https://web.klokah.tw/text/sound//6732/80134.mp3,繪本平台_Nanwang_Puyuma_80134.mp3,Puyuma,Nanwang_Puyuma,80134,HTTP 404
https://web.klokah.tw/text/sound//4042/53735.mp3,繪本平台_Nanwang_Puyuma_53735.mp3,Puyuma,Nanwang_Puyuma,53735,HTTP 404
https://web.klokah.tw/text/sound//59522/828594.mp3,繪本平台_Saaroa_828594.mp3,Saaroa,Saaroa,828594,HTTP 404
https://web.klokah.tw/text/sound//6732/80130.mp3,繪本平台_Nanwang_Puyuma_80130.mp3,Puyuma,Nanwang_Puyuma,80130,HTTP 404
https://web.klokah.tw/text/sound//4038/853017.mp3,繪本平台_Nanwang_Puyuma_853017.mp3,Puyuma,Nanwang_Puyuma,853017,HTTP 404
https://web.klokah.tw/text/sound//59522/828597.mp3,繪本平台_Saaroa_828597.mp3,Saaroa,Saaroa,828597,HTTP 404
https://web.klokah.tw/text/sound//8668/107040.mp3,繪本平台_Nanwang_Puyuma_107040.mp3,Puyuma,Nanwang_Puyuma,107040,HTTP 404
https://web.klokah.tw/text/sound//61847/852842.mp3,繪本平台_Saaroa_852842.mp3,Saaroa,Saaroa,852842,HTTP 404
https://web.klokah.tw/text/sound//4023/53499.mp3,繪本平台_Nanwang_Puyuma_53499.mp3,Puyuma,Nanwang_Puyuma,53499,HTTP 404
https://web.klokah.tw/text/sound//11859/147827.mp3,繪本平台_Nanwang_Puyuma_147827.mp3,Puyuma,Nanwang_Puyuma,147827,HTTP 404
https://web.klokah.tw/text/sound//11846/147685.mp3,繪本平台_Nanwang_Puyuma_147685.mp3,Puyuma,Nanwang_Puyuma,147685,HTTP 404
https://web.klokah.tw/text/sound//38693/608453.mp3,繪本平台_Nanwang_Puyuma_608453.mp3,Puyuma,Nanwang_Puyuma,608453,HTTP 404
https://web.klokah.tw/text/sound//59482/828189.mp3,繪本平台_Nanwang_Puyuma_828189.mp3,Puyuma,Nanwang_Puyuma,828189,HTTP 404
https://web.klokah.tw/text/sound//33332/521574.mp3,繪本平台_Nanwang_Puyuma_521574.mp3,Puyuma,Nanwang_Puyuma,521574,HTTP 404
https://web.klokah.tw/text/sound//59482/828179.mp3,繪本平台_Nanwang_Puyuma_828179.mp3,Puyuma,Nanwang_Puyuma,828179,HTTP 404
https://web.klokah.tw/text/sound//61843/852465.mp3,繪本平台_Nanwang_Puyuma_852465.mp3,Puyuma,Nanwang_Puyuma,852465,HTTP 404
https://web.klokah.tw/text/sound//59482/828186.mp3,繪本平台_Nanwang_Puyuma_828186.mp3,Puyuma,Nanwang_Puyuma,828186,HTTP 404
https://web.klokah.tw/text/sound//4151/54912.mp3,繪本平台_Yami_54912.mp3,Yami,Yami,54912,HTTP 404
https://web.klokah.tw/text/sound//61843/852838.mp3,繪本平台_Nanwang_Puyuma_852838.mp3,Puyuma,Nanwang_Puyuma,852838,HTTP 404
https://web.klokah.tw/text/sound//4096/97702.mp3,繪本平台_Yami_97702.mp3,Yami,Yami,97702,HTTP 404
https://web.klokah.tw/text/sound//8696/107356.mp3,繪本平台_Yami_107356.mp3,Yami,Yami,107356,HTTP 404
https://web.klokah.tw/text/sound//4115/54548.mp3,繪本平台_Yami_54548.mp3,Yami,Yami,54548,HTTP 404
https://web.klokah.tw/text/sound//11883/148087.mp3,繪本平台_Yami_148087.mp3,Yami,Yami,148087,HTTP 404
https://web.klokah.tw/text/sound//6716/79955.mp3,繪本平台_Yami_79955.mp3,Yami,Yami,79955,HTTP 404
https://web.klokah.tw/text/sound//38711/608682.mp3,繪本平台_Yami_608682.mp3,Yami,Yami,608682,HTTP 404
https://web.klokah.tw/text/sound//59492/828291.mp3,繪本平台_Yami_828291.mp3,Yami,Yami,828291,HTTP 404
https://web.klokah.tw/text/sound//8696/107355.mp3,繪本平台_Yami_107355.mp3,Yami,Yami,107355,HTTP 404
https://web.klokah.tw/text/sound//6716/79959.mp3,繪本平台_Yami_79959.mp3,Yami,Yami,79959,HTTP 404
https://web.klokah.tw/text/sound//11870/147945.mp3,繪本平台_Yami_147945.mp3,Yami,Yami,147945,HTTP 404
https://web.klokah.tw/text/sound//4224/55725.mp3,繪本平台_Sakizaya_55725.mp3,Sakizaya,Sakizaya,55725,HTTP 404
https://web.klokah.tw/text/sound//59492/828288.mp3,繪本平台_Yami_828288.mp3,Yami,Yami,828288,HTTP 404
https://web.klokah.tw/text/sound//11894/148205.mp3,繪本平台_Sakizaya_148205.mp3,Sakizaya,Sakizaya,148205,HTTP 404
https://web.klokah.tw/text/sound//6710/79907.mp3,繪本平台_Sakizaya_79907.mp3,Sakizaya,Sakizaya,79907,HTTP 404
https://web.klokah.tw/text/sound//59492/828281.mp3,繪本平台_Yami_828281.mp3,Yami,Yami,828281,HTTP 404
https://web.klokah.tw/text/sound//11907/148347.mp3,繪本平台_Sakizaya_148347.mp3,Sakizaya,Sakizaya,148347,HTTP 404
https://web.klokah.tw/text/sound//61844/852839.mp3,繪本平台_Yami_852839.mp3,Yami,Yami,852839,HTTP 404
https://web.klokah.tw/text/sound//61844/852486.mp3,繪本平台_Yami_852486.mp3,Yami,Yami,852486,HTTP 404
https://web.klokah.tw/text/sound//4169/55125.mp3,繪本平台_Sakizaya_55125.mp3,Sakizaya,Sakizaya,55125,HTTP 404
https://web.klokah.tw/text/sound//4188/55361.mp3,繪本平台_Sakizaya_55361.mp3,Sakizaya,Sakizaya,55361,HTTP 404
https://web.klokah.tw/text/sound//59502/828390.mp3,繪本平台_Sakizaya_828390.mp3,Sakizaya,Sakizaya,828390,HTTP 404
https://web.klokah.tw/text/sound//59502/828383.mp3,繪本平台_Sakizaya_828383.mp3,Sakizaya,Sakizaya,828383,HTTP 404
https://web.klokah.tw/text/sound//6710/79911.mp3,繪本平台_Sakizaya_79911.mp3,Sakizaya,Sakizaya,79911,HTTP 404
https://web.klokah.tw/text/sound//8724/107670.mp3,繪本平台_Sakizaya_107670.mp3,Sakizaya,Sakizaya,107670,HTTP 404
https://web.klokah.tw/text/sound//8724/107671.mp3,繪本平台_Sakizaya_107671.mp3,Sakizaya,Sakizaya,107671,HTTP 404
https://web.klokah.tw/text/sound//38729/608911.mp3,繪本平台_Sakizaya_608911.mp3,Sakizaya,Sakizaya,608911,HTTP 404
https://web.klokah.tw/text/sound//59502/828393.mp3,繪本平台_Sakizaya_828393.mp3,Sakizaya,Sakizaya,828393,HTTP 404
https://web.klokah.tw/text/sound//61845/852840.mp3,繪本平台_Sakizaya_852840.mp3,Sakizaya,Sakizaya,852840,HTTP 404
https://web.klokah.tw/text/sound//61845/852507.mp3,繪本平台_Sakizaya_852507.mp3,Sakizaya,Sakizaya,852507,HTTP 404
https://web.klokah.tw/text/sound//61847/852549.mp3,繪本平台_Saaroa_852549.mp3,Saaroa,Saaroa,852549,HTTP 404
